{
	"format_version": "1.8.0",
	"animations": {
		"idle": {
			"loop": true,
			"animation_length": 2,
			"bones": {
				"main": {
					"rotation": [0, 90, -180],
					"position": {
						"0.0": [0, 28, 0],
						"1.0": [0, 32, 0],
						"2.0": [0, 28, 0]
					},
					"scale": [0.8, 0.8, 0.5]
				}
			}
		},
		"attack_north": {
			"loop": true,
			"animation_length": 3.54167,
			"bones": {
				"main": {
					"rotation": {
						"0.0": [0, 90, -180],
						"0.3333": [-40, 0, 0],
						"0.4167": [-40, 0, 0],
						"0.6667": [90, 177.5, -130],
						"0.75": [90, 177.5, -130],
						"1.125": [222.03889, 13.79473, -171.08364],
						"1.2083": [222.03889, 13.79473, -171.08364],
						"1.4167": [113.58237, 153.73684, -16.82703],
						"1.5": [113.58237, 153.73684, -16.82703],
						"1.8333": [90, -270, -180],
						"1.9167": [90, -270, -180],
						"2.1667": [97.5, -270, -180],
						"2.25": [97.5, -270, -180],
						"2.5417": [-87.6727, 65.10163, 84.48615],
						"2.625": [-87.6727, 65.10163, 84.48615],
						"3.5": [0, 90, -180]
					},
					"position": {
						"0.0": [0, 48, 0],
						"0.3333": [0, 23, 0],
						"1.5": [0, 23, 0],
						"1.8333": [0, 23, 30],
						"1.9167": [0, 23, 30],
						"2.1667": [0, 23, -4],
						"2.25": [0, 23, -4],
						"2.5417": [0, 34, 14],
						"2.625": [0, 34, 14],
						"2.9167": [0, 9, -6],
						"3.0": [0, 9, -6],
						"3.5": [0, 48, 0]
					},
					"scale": [1.5, 1.5, 1]
				}
			}
		},
		"attack_east": {
			"loop": true,
			"animation_length": 3.5,
			"bones": {
				"main": {
					"rotation": {
						"0.0": [0, 0, -180],
						"0.4167": [-171.068, 42.78483, 219.73527],
						"0.5": [-171.068, 42.78483, 219.73527],
						"0.5417": [-156.24025, 65.74901, 151.4913],
						"0.5833": [-157.615, 105.99846, 81.55653],
						"0.6667": [-196.62483, 135.5503, 29.12484],
						"0.75": [-196.62483, 135.5503, 29.12484],
						"1.0833": [-202.84253, 126.12936, 227.36315],
						"1.1667": [-202.84253, 126.12936, 227.36315],
						"1.2083": [-210.96828, 87.84808, 175.64923],
						"1.25": [-212.75188, 66.76092, 158.81948],
						"1.2917": [-204.44274, 46.31069, 128.55337],
						"1.3333": [-126.52279, 72.80651, 14.16585],
						"1.4583": [-126.52279, 72.80651, 14.16585],
						"1.75": [270, 0, 0],
						"1.8333": [270, 0, 0],
						"2.0": [275, 0, 0],
						"2.0833": [275, 0, 0],
						"2.5": [-180, -270, -77.5],
						"2.75": [-180, -270, -77.5],
						"2.9167": [-180, -270, -285],
						"3.0": [-180, -270, -285],
						"3.5": [0, 0, -180]
					},
					"position": {
						"0.0": [0, 28, 0],
						"0.4167": [0, 28, 4],
						"0.5": [0, 28, 4],
						"0.6667": [0, 28, 4],
						"0.75": [0, 28, 4],
						"1.0833": [0, 28, -4],
						"1.1667": [0, 28, 0],
						"1.4583": [0, 28, -4],
						"1.75": [30, 28, 0],
						"1.8333": [30, 28, 0],
						"2.0833": [-5, 28, 0],
						"2.75": [10, 28, 0],
						"2.9167": [-7, 4, 0],
						"3.0": [-7, 4, 0],
						"3.5": [0, 28, 0]
					},
					"scale": [0.8, 0.8, 0.5]
				}
			},
			"timeline": {
				"0.5833": "attack;",
				"1.2917": "attack;",
				"1.9583": "attack;",
				"2.875": "attack;"
			}
		}
	},
	"geckolib_format_version": 2
}